Combination (Generic A + Generic B),Result,Reasoning / Warning
Paracetamol + Paracetamol,Unsafe,Therapeutic Duplication: Both contain Paracetamol. High risk of toxic overdose.
Paracetamol + Paracetamol + Caffeine,Unsafe,Therapeutic Duplication: Both contain Paracetamol. Double-dosing increases liver failure risk.
Paracetamol + Flunarizine,Safe,No high-risk chemical interaction documented for this combination.
Paracetamol + Tolfenamic Acid,Safe,No high-risk chemical interaction documented for this combination.
Paracetamol + Fexofenadine,Safe,No high-risk chemical interaction documented for this combination.
Paracetamol + Cetirizine,Safe,No high-risk chemical interaction documented for this combination.
Paracetamol + Desloratadine,Safe,No high-risk chemical interaction documented for this combination.
Paracetamol + Ambroxol,Safe,No high-risk chemical interaction documented for this combination.
Paracetamol + Butamirate Citrate,Safe,No high-risk chemical interaction documented for this combination.
Paracetamol + Ketorolac,Safe,No high-risk chemical interaction documented for this combination.
Paracetamol + Etoricoxib,Safe,No high-risk chemical interaction documented for this combination.
Paracetamol + Aspirin,Safe,No high-risk chemical interaction documented for this combination.
Paracetamol + Clopidogrel,Safe,No high-risk chemical interaction documented for this combination.
Paracetamol + Atorvastatin,Safe,No high-risk chemical interaction documented for this combination.
Paracetamol + Rosuvastatin,Safe,No high-risk chemical interaction documented for this combination.
Paracetamol + Omeprazole,Safe,No high-risk chemical interaction documented for this combination.
Paracetamol + Esomeprazole,Safe,No high-risk chemical interaction documented for this combination.
Paracetamol + Pantoprazole,Safe,No high-risk chemical interaction documented for this combination.
Paracetamol + Antacid (Al + Mg),Caution,Antacids (Entacyd) can block the absorption of Paracetamol. Space doses by 2-4 hours.
Paracetamol + Aceclofenac,Safe,No high-risk chemical interaction documented for this combination.
Paracetamol + Naproxen,Safe,No high-risk chemical interaction documented for this combination.
Paracetamol + Diclofenac,Safe,No high-risk chemical interaction documented for this combination.
Paracetamol + Losartan Potassium,Safe,No high-risk chemical interaction documented for this combination.
Paracetamol + Amlodipine,Safe,No high-risk chemical interaction documented for this combination.
Paracetamol + Bisoprolol,Safe,No high-risk chemical interaction documented for this combination.
Paracetamol + Telmisartan,Safe,No high-risk chemical interaction documented for this combination.
Paracetamol + Metformin,Safe,No high-risk chemical interaction documented for this combination.
Paracetamol + Gliclazide,Safe,No high-risk chemical interaction documented for this combination.
Paracetamol + Linagliptin,Safe,No high-risk chemical interaction documented for this combination.
Paracetamol + Sitagliptin,Safe,No high-risk chemical interaction documented for this combination.
Paracetamol + Bromazepam,Safe,No high-risk chemical interaction documented for this combination.
Paracetamol + Diazepam,Safe,No high-risk chemical interaction documented for this combination.
Paracetamol + Clonazepam,Safe,No high-risk chemical interaction documented for this combination.
Paracetamol + Caffeine + Paracetamol + Caffeine,Unsafe,Therapeutic Duplication: Both contain Paracetamol. Double-dosing increases liver failure risk.
Paracetamol + Caffeine + Flunarizine,Unsafe,Therapeutic Duplication: Both contain Paracetamol. Double-dosing increases liver failure risk.
Paracetamol + Caffeine + Tolfenamic Acid,Unsafe,Therapeutic Duplication: Both contain Paracetamol. Double-dosing increases liver failure risk.
Paracetamol + Caffeine + Fexofenadine,Unsafe,Therapeutic Duplication: Both contain Paracetamol. Double-dosing increases liver failure risk.
Paracetamol + Caffeine + Cetirizine,Unsafe,Therapeutic Duplication: Both contain Paracetamol. Double-dosing increases liver failure risk.
Paracetamol + Caffeine + Desloratadine,Unsafe,Therapeutic Duplication: Both contain Paracetamol. Double-dosing increases liver failure risk.
Paracetamol + Caffeine + Ambroxol,Unsafe,Therapeutic Duplication: Both contain Paracetamol. Double-dosing increases liver failure risk.
Paracetamol + Caffeine + Butamirate Citrate,Unsafe,Therapeutic Duplication: Both contain Paracetamol. Double-dosing increases liver failure risk.
Paracetamol + Caffeine + Ketorolac,Unsafe,Therapeutic Duplication: Both contain Paracetamol. Double-dosing increases liver failure risk.
Paracetamol + Caffeine + Etoricoxib,Unsafe,Therapeutic Duplication: Both contain Paracetamol. Double-dosing increases liver failure risk.
Paracetamol + Caffeine + Aspirin,Unsafe,Therapeutic Duplication: Both contain Paracetamol. Double-dosing increases liver failure risk.
Paracetamol + Caffeine + Clopidogrel,Unsafe,Therapeutic Duplication: Both contain Paracetamol. Double-dosing increases liver failure risk.
Paracetamol + Caffeine + Atorvastatin,Unsafe,Therapeutic Duplication: Both contain Paracetamol. Double-dosing increases liver failure risk.
Paracetamol + Caffeine + Rosuvastatin,Unsafe,Therapeutic Duplication: Both contain Paracetamol. Double-dosing increases liver failure risk.
Paracetamol + Caffeine + Omeprazole,Unsafe,Therapeutic Duplication: Both contain Paracetamol. Double-dosing increases liver failure risk.
Paracetamol + Caffeine + Esomeprazole,Unsafe,Therapeutic Duplication: Both contain Paracetamol. Double-dosing increases liver failure risk.
Paracetamol + Caffeine + Pantoprazole,Unsafe,Therapeutic Duplication: Both contain Paracetamol. Double-dosing increases liver failure risk.
Paracetamol + Caffeine + Antacid (Al + Mg),Unsafe,Therapeutic Duplication: Both contain Paracetamol. Double-dosing increases liver failure risk.
Paracetamol + Caffeine + Aceclofenac,Unsafe,Therapeutic Duplication: Both contain Paracetamol. Double-dosing increases liver failure risk.
Paracetamol + Caffeine + Naproxen,Unsafe,Therapeutic Duplication: Both contain Paracetamol. Double-dosing increases liver failure risk.
Paracetamol + Caffeine + Diclofenac,Unsafe,Therapeutic Duplication: Both contain Paracetamol. Double-dosing increases liver failure risk.
Paracetamol + Caffeine + Losartan Potassium,Unsafe,Therapeutic Duplication: Both contain Paracetamol. Double-dosing increases liver failure risk.
Paracetamol + Caffeine + Amlodipine,Unsafe,Therapeutic Duplication: Both contain Paracetamol. Double-dosing increases liver failure risk.
Paracetamol + Caffeine + Bisoprolol,Unsafe,Therapeutic Duplication: Both contain Paracetamol. Double-dosing increases liver failure risk.
Paracetamol + Caffeine + Telmisartan,Unsafe,Therapeutic Duplication: Both contain Paracetamol. Double-dosing increases liver failure risk.
Paracetamol + Caffeine + Metformin,Unsafe,Therapeutic Duplication: Both contain Paracetamol. Double-dosing increases liver failure risk.
Paracetamol + Caffeine + Gliclazide,Unsafe,Therapeutic Duplication: Both contain Paracetamol. Double-dosing increases liver failure risk.
Paracetamol + Caffeine + Linagliptin,Unsafe,Therapeutic Duplication: Both contain Paracetamol. Double-dosing increases liver failure risk.
Paracetamol + Caffeine + Sitagliptin,Unsafe,Therapeutic Duplication: Both contain Paracetamol. Double-dosing increases liver failure risk.
Paracetamol + Caffeine + Bromazepam,Unsafe,Therapeutic Duplication: Both contain Paracetamol. Double-dosing increases liver failure risk.
Paracetamol + Caffeine + Diazepam,Unsafe,Therapeutic Duplication: Both contain Paracetamol. Double-dosing increases liver failure risk.
Paracetamol + Caffeine + Clonazepam,Unsafe,Therapeutic Duplication: Both contain Paracetamol. Double-dosing increases liver failure risk.
Flunarizine + Flunarizine,Unsafe,Therapeutic Duplication: Both contain Flunarizine. High risk of toxic overdose.
Flunarizine + Tolfenamic Acid,Safe,No documented high-risk interaction; follow standard medical advice.
Flunarizine + Fexofenadine,Safe,No documented high-risk interaction; follow standard medical advice.
Flunarizine + Cetirizine,Safe,No documented high-risk interaction; follow standard medical advice.
Flunarizine + Desloratadine,Safe,No documented high-risk interaction; follow standard medical advice.
Flunarizine + Ambroxol,Safe,No documented high-risk interaction; follow standard medical advice.
Flunarizine + Butamirate Citrate,Safe,No documented high-risk interaction; follow standard medical advice.
Flunarizine + Ketorolac,Safe,No documented high-risk interaction; follow standard medical advice.
Flunarizine + Etoricoxib,Safe,No documented high-risk interaction; follow standard medical advice.
Flunarizine + Aspirin,Safe,No documented high-risk interaction; follow standard medical advice.
Flunarizine + Clopidogrel,Safe,No documented high-risk interaction; follow standard medical advice.
Flunarizine + Atorvastatin,Safe,No documented high-risk interaction; follow standard medical advice.
Flunarizine + Rosuvastatin,Safe,No documented high-risk interaction; follow standard medical advice.
Flunarizine + Omeprazole,Safe,No documented high-risk interaction; follow standard medical advice.
Flunarizine + Esomeprazole,Safe,No documented high-risk interaction; follow standard medical advice.
Flunarizine + Pantoprazole,Safe,No documented high-risk interaction; follow standard medical advice.
Flunarizine + Antacid (Al + Mg),Caution,Antacids (Entacyd) can block the absorption of Flunarizine. Space doses by 2-4 hours.
Flunarizine + Aceclofenac,Safe,No documented high-risk interaction; follow standard medical advice.
Flunarizine + Naproxen,Safe,No documented high-risk interaction; follow standard medical advice.
Flunarizine + Diclofenac,Safe,No documented high-risk interaction; follow standard medical advice.
Flunarizine + Losartan Potassium,Safe,No documented high-risk interaction; follow standard medical advice.
Flunarizine + Amlodipine,Safe,No documented high-risk interaction; follow standard medical advice.
Flunarizine + Bisoprolol,Safe,No documented high-risk interaction; follow standard medical advice.
Flunarizine + Telmisartan,Safe,No documented high-risk interaction; follow standard medical advice.
Flunarizine + Metformin,Safe,No documented high-risk interaction; follow standard medical advice.
Flunarizine + Gliclazide,Safe,No documented high-risk interaction; follow standard medical advice.
Flunarizine + Linagliptin,Safe,No documented high-risk interaction; follow standard medical advice.
Flunarizine + Sitagliptin,Safe,No documented high-risk interaction; follow standard medical advice.
Flunarizine + Bromazepam,Safe,No documented high-risk interaction; follow standard medical advice.
Flunarizine + Diazepam,Safe,No documented high-risk interaction; follow standard medical advice.
Flunarizine + Clonazepam,Safe,No documented high-risk interaction; follow standard medical advice.
Tolfenamic Acid + Tolfenamic Acid,Unsafe,Therapeutic Duplication: Both contain Tolfenamic Acid. High risk of toxic overdose.
Tolfenamic Acid + Fexofenadine,Safe,No documented high-risk interaction; follow standard medical advice.
Tolfenamic Acid + Cetirizine,Safe,No documented high-risk interaction; follow standard medical advice.
Tolfenamic Acid + Desloratadine,Safe,No documented high-risk interaction; follow standard medical advice.
Tolfenamic Acid + Ambroxol,Safe,No documented high-risk interaction; follow standard medical advice.
Tolfenamic Acid + Butamirate Citrate,Safe,No documented high-risk interaction; follow standard medical advice.
Tolfenamic Acid + Ketorolac,Unsafe,NSAID + NSAID: Extreme risk of gastrointestinal bleeding and kidney damage.
Tolfenamic Acid + Etoricoxib,Unsafe,NSAID + NSAID: Extreme risk of gastrointestinal bleeding and kidney damage.
Tolfenamic Acid + Aspirin,Unsafe,NSAID + NSAID: Extreme risk of gastrointestinal bleeding and kidney damage.
Tolfenamic Acid + Clopidogrel,Unsafe,Significant increase in life-threatening internal bleeding risk.
Tolfenamic Acid + Atorvastatin,Safe,No documented high-risk interaction; follow standard medical advice.
Tolfenamic Acid + Rosuvastatin,Safe,No documented high-risk interaction; follow standard medical advice.
Tolfenamic Acid + Omeprazole,Safe,No documented high-risk interaction; follow standard medical advice.
Tolfenamic Acid + Esomeprazole,Safe,No documented high-risk interaction; follow standard medical advice.
Tolfenamic Acid + Pantoprazole,Safe,No documented high-risk interaction; follow standard medical advice.
Tolfenamic Acid + Antacid (Al + Mg),Caution,Antacids (Entacyd) can block the absorption of Tolfenamic Acid. Space doses by 2-4 hours.
Tolfenamic Acid + Aceclofenac,Unsafe,NSAID + NSAID: Extreme risk of gastrointestinal bleeding and kidney damage.
Tolfenamic Acid + Naproxen,Unsafe,NSAID + NSAID: Extreme risk of gastrointestinal bleeding and kidney damage.
Tolfenamic Acid + Diclofenac,Unsafe,NSAID + NSAID: Extreme risk of gastrointestinal bleeding and kidney damage.
Tolfenamic Acid + Losartan Potassium,Caution,NSAIDs can reduce the effectiveness of blood pressure medications and strain kidneys.
Tolfenamic Acid + Amlodipine,Caution,NSAIDs can reduce the effectiveness of blood pressure medications and strain kidneys.
Tolfenamic Acid + Bisoprolol,Caution,NSAIDs can reduce the effectiveness of blood pressure medications and strain kidneys.
Tolfenamic Acid + Telmisartan,Caution,NSAIDs can reduce the effectiveness of blood pressure medications and strain kidneys.
Tolfenamic Acid + Metformin,Safe,No documented high-risk interaction; follow standard medical advice.
Tolfenamic Acid + Gliclazide,Safe,No documented high-risk interaction; follow standard medical advice.
Tolfenamic Acid + Linagliptin,Safe,No documented high-risk interaction; follow standard medical advice.
Tolfenamic Acid + Sitagliptin,Safe,No documented high-risk interaction; follow standard medical advice.
Tolfenamic Acid + Bromazepam,Safe,No documented high-risk interaction; follow standard medical advice.
Tolfenamic Acid + Diazepam,Safe,No documented high-risk interaction; follow standard medical advice.
Tolfenamic Acid + Clonazepam,Safe,No documented high-risk interaction; follow standard medical advice.
Fexofenadine + Fexofenadine,Unsafe,Therapeutic Duplication: Both contain Fexofenadine. High risk of toxic overdose.
Fexofenadine + Cetirizine,Safe,No documented high-risk interaction; follow standard medical advice.
Fexofenadine + Desloratadine,Safe,No documented high-risk interaction; follow standard medical advice.
Fexofenadine + Ambroxol,Safe,No documented high-risk interaction; follow standard medical advice.
Fexofenadine + Butamirate Citrate,Safe,No documented high-risk interaction; follow standard medical advice.
Fexofenadine + Ketorolac,Safe,No documented high-risk interaction; follow standard medical advice.
Fexofenadine + Etoricoxib,Safe,No documented high-risk interaction; follow standard medical advice.
Fexofenadine + Aspirin,Safe,No documented high-risk interaction; follow standard medical advice.
Fexofenadine + Clopidogrel,Safe,No documented high-risk interaction; follow standard medical advice.
Fexofenadine + Atorvastatin,Safe,No documented high-risk interaction; follow standard medical advice.
Fexofenadine + Rosuvastatin,Safe,No documented high-risk interaction; follow standard medical advice.
Fexofenadine + Omeprazole,Safe,No documented high-risk interaction; follow standard medical advice.
Fexofenadine + Esomeprazole,Safe,No documented high-risk interaction; follow standard medical advice.
Fexofenadine + Pantoprazole,Safe,No documented high-risk interaction; follow standard medical advice.
Fexofenadine + Antacid (Al + Mg),Caution,Antacids (Entacyd) can block the absorption of Fexofenadine. Space doses by 2-4 hours.
Fexofenadine + Aceclofenac,Safe,No documented high-risk interaction; follow standard medical advice.
Fexofenadine + Naproxen,Safe,No documented high-risk interaction; follow standard medical advice.
Fexofenadine + Diclofenac,Safe,No documented high-risk interaction; follow standard medical advice.
Fexofenadine + Losartan Potassium,Safe,No documented high-risk interaction; follow standard medical advice.
Fexofenadine + Amlodipine,Safe,No documented high-risk interaction; follow standard medical advice.
Fexofenadine + Bisoprolol,Safe,No documented high-risk interaction; follow standard medical advice.
Fexofenadine + Telmisartan,Safe,No documented high-risk interaction; follow standard medical advice.
Fexofenadine + Metformin,Safe,No documented high-risk interaction; follow standard medical advice.
Fexofenadine + Gliclazide,Safe,No documented high-risk interaction; follow standard medical advice.
Fexofenadine + Linagliptin,Safe,No documented high-risk interaction; follow standard medical advice.
Fexofenadine + Sitagliptin,Safe,No documented high-risk interaction; follow standard medical advice.
Fexofenadine + Bromazepam,Safe,No documented high-risk interaction; follow standard medical advice.
Fexofenadine + Diazepam,Safe,No documented high-risk interaction; follow standard medical advice.
Fexofenadine + Clonazepam,Safe,No documented high-risk interaction; follow standard medical advice.
Cetirizine + Cetirizine,Unsafe,Therapeutic Duplication: Both contain Cetirizine. High risk of toxic overdose.
Cetirizine + Desloratadine,Safe,No documented high-risk interaction; follow standard medical advice.
Cetirizine + Ambroxol,Safe,No documented high-risk interaction; follow standard medical advice.
Cetirizine + Butamirate Citrate,Safe,No documented high-risk interaction; follow standard medical advice.
Cetirizine + Ketorolac,Safe,No documented high-risk interaction; follow standard medical advice.
Cetirizine + Etoricoxib,Safe,No documented high-risk interaction; follow standard medical advice.
Cetirizine + Aspirin,Safe,No documented high-risk interaction; follow standard medical advice.
Cetirizine + Clopidogrel,Safe,No documented high-risk interaction; follow standard medical advice.
Cetirizine + Atorvastatin,Safe,No documented high-risk interaction; follow standard medical advice.
Cetirizine + Rosuvastatin,Safe,No documented high-risk interaction; follow standard medical advice.
Cetirizine + Omeprazole,Safe,No documented high-risk interaction; follow standard medical advice.
Cetirizine + Esomeprazole,Safe,No documented high-risk interaction; follow standard medical advice.
Cetirizine + Pantoprazole,Safe,No documented high-risk interaction; follow standard medical advice.
Cetirizine + Antacid (Al + Mg),Caution,Antacids (Entacyd) can block the absorption of Cetirizine. Space doses by 2-4 hours.
Cetirizine + Aceclofenac,Safe,No documented high-risk interaction; follow standard medical advice.
Cetirizine + Naproxen,Safe,No documented high-risk interaction; follow standard medical advice.
Cetirizine + Diclofenac,Safe,No documented high-risk interaction; follow standard medical advice.
Cetirizine + Losartan Potassium,Safe,No documented high-risk interaction; follow standard medical advice.
Cetirizine + Amlodipine,Safe,No documented high-risk interaction; follow standard medical advice.
Cetirizine + Bisoprolol,Safe,No documented high-risk interaction; follow standard medical advice.
Cetirizine + Telmisartan,Safe,No documented high-risk interaction; follow standard medical advice.
Cetirizine + Metformin,Safe,No documented high-risk interaction; follow standard medical advice.
Cetirizine + Gliclazide,Safe,No documented high-risk interaction; follow standard medical advice.
Cetirizine + Linagliptin,Safe,No documented high-risk interaction; follow standard medical advice.
Cetirizine + Sitagliptin,Safe,No documented high-risk interaction; follow standard medical advice.
Cetirizine + Bromazepam,Safe,No documented high-risk interaction; follow standard medical advice.
Cetirizine + Diazepam,Safe,No documented high-risk interaction; follow standard medical advice.
Cetirizine + Clonazepam,Safe,No documented high-risk interaction; follow standard medical advice.
Desloratadine + Desloratadine,Unsafe,Therapeutic Duplication: Both contain Desloratadine. High risk of toxic overdose.
Desloratadine + Ambroxol,Safe,No documented high-risk interaction; follow standard medical advice.
Desloratadine + Butamirate Citrate,Safe,No documented high-risk interaction; follow standard medical advice.
Desloratadine + Ketorolac,Safe,No documented high-risk interaction; follow standard medical advice.
Desloratadine + Etoricoxib,Safe,No documented high-risk interaction; follow standard medical advice.
Desloratadine + Aspirin,Safe,No documented high-risk interaction; follow standard medical advice.
Desloratadine + Clopidogrel,Safe,No documented high-risk interaction; follow standard medical advice.
Desloratadine + Atorvastatin,Safe,No documented high-risk interaction; follow standard medical advice.
Desloratadine + Rosuvastatin,Safe,No documented high-risk interaction; follow standard medical advice.
Desloratadine + Omeprazole,Safe,No documented high-risk interaction; follow standard medical advice.
Desloratadine + Esomeprazole,Safe,No documented high-risk interaction; follow standard medical advice.
Desloratadine + Pantoprazole,Safe,No documented high-risk interaction; follow standard medical advice.
Desloratadine + Antacid (Al + Mg),Caution,Antacids (Entacyd) can block the absorption of Desloratadine. Space doses by 2-4 hours.
Desloratadine + Aceclofenac,Safe,No documented high-risk interaction; follow standard medical advice.
Desloratadine + Naproxen,Safe,No documented high-risk interaction; follow standard medical advice.
Desloratadine + Diclofenac,Safe,No documented high-risk interaction; follow standard medical advice.
Desloratadine + Losartan Potassium,Safe,No documented high-risk interaction; follow standard medical advice.
Desloratadine + Amlodipine,Safe,No documented high-risk interaction; follow standard medical advice.
Desloratadine + Bisoprolol,Safe,No documented high-risk interaction; follow standard medical advice.
Desloratadine + Telmisartan,Safe,No documented high-risk interaction; follow standard medical advice.
Desloratadine + Metformin,Safe,No documented high-risk interaction; follow standard medical advice.
Desloratadine + Gliclazide,Safe,No documented high-risk interaction; follow standard medical advice.
Desloratadine + Linagliptin,Safe,No documented high-risk interaction; follow standard medical advice.
Desloratadine + Sitagliptin,Safe,No documented high-risk interaction; follow standard medical advice.
Desloratadine + Bromazepam,Safe,No documented high-risk interaction; follow standard medical advice.
Desloratadine + Diazepam,Safe,No documented high-risk interaction; follow standard medical advice.
Desloratadine + Clonazepam,Safe,No documented high-risk interaction; follow standard medical advice.
Ambroxol + Ambroxol,Unsafe,Therapeutic Duplication: Both contain Ambroxol. High risk of toxic overdose.
Ambroxol + Butamirate Citrate,Safe,No documented high-risk interaction; follow standard medical advice.
Ambroxol + Ketorolac,Safe,No documented high-risk interaction; follow standard medical advice.
Ambroxol + Etoricoxib,Safe,No documented high-risk interaction; follow standard medical advice.
Ambroxol + Aspirin,Safe,No documented high-risk interaction; follow standard medical advice.
Ambroxol + Clopidogrel,Safe,No documented high-risk interaction; follow standard medical advice.
Ambroxol + Atorvastatin,Safe,No documented high-risk interaction; follow standard medical advice.
Ambroxol + Rosuvastatin,Safe,No documented high-risk interaction; follow standard medical advice.
Ambroxol + Omeprazole,Safe,No documented high-risk interaction; follow standard medical advice.
Ambroxol + Esomeprazole,Safe,No documented high-risk interaction; follow standard medical advice.
Ambroxol + Pantoprazole,Safe,No documented high-risk interaction; follow standard medical advice.
Ambroxol + Antacid (Al + Mg),Caution,Antacids (Entacyd) can block the absorption of Ambroxol. Space doses by 2-4 hours.
Ambroxol + Aceclofenac,Safe,No documented high-risk interaction; follow standard medical advice.
Ambroxol + Naproxen,Safe,No documented high-risk interaction; follow standard medical advice.
Ambroxol + Diclofenac,Safe,No documented high-risk interaction; follow standard medical advice.
Ambroxol + Losartan Potassium,Safe,No documented high-risk interaction; follow standard medical advice.
Ambroxol + Amlodipine,Safe,No documented high-risk interaction; follow standard medical advice.
Ambroxol + Bisoprolol,Safe,No documented high-risk interaction; follow standard medical advice.
Ambroxol + Telmisartan,Safe,No documented high-risk interaction; follow standard medical advice.
Ambroxol + Metformin,Safe,No documented high-risk interaction; follow standard medical advice.
Ambroxol + Gliclazide,Safe,No documented high-risk interaction; follow standard medical advice.
Ambroxol + Linagliptin,Safe,No documented high-risk interaction; follow standard medical advice.
Ambroxol + Sitagliptin,Safe,No documented high-risk interaction; follow standard medical advice.
Ambroxol + Bromazepam,Safe,No documented high-risk interaction; follow standard medical advice.
Ambroxol + Diazepam,Safe,No documented high-risk interaction; follow standard medical advice.
Ambroxol + Clonazepam,Safe,No documented high-risk interaction; follow standard medical advice.
Butamirate Citrate + Butamirate Citrate,Unsafe,Therapeutic Duplication: Both contain Butamirate Citrate. High risk of toxic overdose.
Butamirate Citrate + Ketorolac,Safe,No documented high-risk interaction; follow standard medical advice.
Butamirate Citrate + Etoricoxib,Safe,No documented high-risk interaction; follow standard medical advice.
Butamirate Citrate + Aspirin,Safe,No documented high-risk interaction; follow standard medical advice.
Butamirate Citrate + Clopidogrel,Safe,No documented high-risk interaction; follow standard medical advice.
Butamirate Citrate + Atorvastatin,Safe,No documented high-risk interaction; follow standard medical advice.
Butamirate Citrate + Rosuvastatin,Safe,No documented high-risk interaction; follow standard medical advice.
Butamirate Citrate + Omeprazole,Safe,No documented high-risk interaction; follow standard medical advice.
Butamirate Citrate + Esomeprazole,Safe,No documented high-risk interaction; follow standard medical advice.
Butamirate Citrate + Pantoprazole,Safe,No documented high-risk interaction; follow standard medical advice.
Butamirate Citrate + Antacid (Al + Mg),Caution,Antacids (Entacyd) can block the absorption of Butamirate Citrate. Space doses by 2-4 hours.
Butamirate Citrate + Aceclofenac,Safe,No documented high-risk interaction; follow standard medical advice.
Butamirate Citrate + Naproxen,Safe,No documented high-risk interaction; follow standard medical advice.
Butamirate Citrate + Diclofenac,Safe,No documented high-risk interaction; follow standard medical advice.
Butamirate Citrate + Losartan Potassium,Safe,No documented high-risk interaction; follow standard medical advice.
Butamirate Citrate + Amlodipine,Safe,No documented high-risk interaction; follow standard medical advice.
Butamirate Citrate + Bisoprolol,Safe,No documented high-risk interaction; follow standard medical advice.
Butamirate Citrate + Telmisartan,Safe,No documented high-risk interaction; follow standard medical advice.
Butamirate Citrate + Metformin,Safe,No documented high-risk interaction; follow standard medical advice.
Butamirate Citrate + Gliclazide,Safe,No documented high-risk interaction; follow standard medical advice.
Butamirate Citrate + Linagliptin,Safe,No documented high-risk interaction; follow standard medical advice.
Butamirate Citrate + Sitagliptin,Safe,No documented high-risk interaction; follow standard medical advice.
Butamirate Citrate + Bromazepam,Safe,No documented high-risk interaction; follow standard medical advice.
Butamirate Citrate + Diazepam,Safe,No documented high-risk interaction; follow standard medical advice.
Butamirate Citrate + Clonazepam,Safe,No documented high-risk interaction; follow standard medical advice.
Ketorolac + Ketorolac,Unsafe,Therapeutic Duplication: Both contain Ketorolac. High risk of toxic overdose.
Ketorolac + Etoricoxib,Unsafe,NSAID + NSAID: Extreme risk of gastrointestinal bleeding and kidney damage.
Ketorolac + Aspirin,Unsafe,NSAID + NSAID: Extreme risk of gastrointestinal bleeding and kidney damage.
Ketorolac + Clopidogrel,Unsafe,Significant increase in life-threatening internal bleeding risk.
Ketorolac + Atorvastatin,Safe,No documented high-risk interaction; follow standard medical advice.
Ketorolac + Rosuvastatin,Safe,No documented high-risk interaction; follow standard medical advice.
Ketorolac + Omeprazole,Safe,No documented high-risk interaction; follow standard medical advice.
Ketorolac + Esomeprazole,Safe,No documented high-risk interaction; follow standard medical advice.
Ketorolac + Pantoprazole,Safe,No documented high-risk interaction; follow standard medical advice.
Ketorolac + Antacid (Al + Mg),Caution,Antacids (Entacyd) can block the absorption of Ketorolac. Space doses by 2-4 hours.
Ketorolac + Aceclofenac,Unsafe,NSAID + NSAID: Extreme risk of gastrointestinal bleeding and kidney damage.
Ketorolac + Naproxen,Unsafe,NSAID + NSAID: Extreme risk of gastrointestinal bleeding and kidney damage.
Ketorolac + Diclofenac,Unsafe,NSAID + NSAID: Extreme risk of gastrointestinal bleeding and kidney damage.
Ketorolac + Losartan Potassium,Caution,NSAIDs can reduce the effectiveness of blood pressure medications and strain kidneys.
Ketorolac + Amlodipine,Caution,NSAIDs can reduce the effectiveness of blood pressure medications and strain kidneys.
Ketorolac + Bisoprolol,Caution,NSAIDs can reduce the effectiveness of blood pressure medications and strain kidneys.
Ketorolac + Telmisartan,Caution,NSAIDs can reduce the effectiveness of blood pressure medications and strain kidneys.
Ketorolac + Metformin,Safe,No documented high-risk interaction; follow standard medical advice.
Ketorolac + Gliclazide,Safe,No documented high-risk interaction; follow standard medical advice.
Ketorolac + Linagliptin,Safe,No documented high-risk interaction; follow standard medical advice.
Ketorolac + Sitagliptin,Safe,No documented high-risk interaction; follow standard medical advice.
Ketorolac + Bromazepam,Safe,No documented high-risk interaction; follow standard medical advice.
Ketorolac + Diazepam,Safe,No documented high-risk interaction; follow standard medical advice.
Ketorolac + Clonazepam,Safe,No documented high-risk interaction; follow standard medical advice.
Etoricoxib + Etoricoxib,Unsafe,Therapeutic Duplication: Both contain Etoricoxib. High risk of toxic overdose.
Etoricoxib + Aspirin,Unsafe,NSAID + NSAID: Extreme risk of gastrointestinal bleeding and kidney damage.
Etoricoxib + Clopidogrel,Unsafe,Significant increase in life-threatening internal bleeding risk.
Etoricoxib + Atorvastatin,Safe,No documented high-risk interaction; follow standard medical advice.
Etoricoxib + Rosuvastatin,Safe,No documented high-risk interaction; follow standard medical advice.
Etoricoxib + Omeprazole,Safe,No documented high-risk interaction; follow standard medical advice.
Etoricoxib + Esomeprazole,Safe,No documented high-risk interaction; follow standard medical advice.
Etoricoxib + Pantoprazole,Safe,No documented high-risk interaction; follow standard medical advice.
Etoricoxib + Antacid (Al + Mg),Caution,Antacids (Entacyd) can block the absorption of Etoricoxib. Space doses by 2-4 hours.
Etoricoxib + Aceclofenac,Unsafe,NSAID + NSAID: Extreme risk of gastrointestinal bleeding and kidney damage.
Etoricoxib + Naproxen,Unsafe,NSAID + NSAID: Extreme risk of gastrointestinal bleeding and kidney damage.
Etoricoxib + Diclofenac,Unsafe,NSAID + NSAID: Extreme risk of gastrointestinal bleeding and kidney damage.
Etoricoxib + Losartan Potassium,Caution,NSAIDs can reduce the effectiveness of blood pressure medications and strain kidneys.
Etoricoxib + Amlodipine,Caution,NSAIDs can reduce the effectiveness of blood pressure medications and strain kidneys.
Etoricoxib + Bisoprolol,Caution,NSAIDs can reduce the effectiveness of blood pressure medications and strain kidneys.
Etoricoxib + Telmisartan,Caution,NSAIDs can reduce the effectiveness of blood pressure medications and strain kidneys.
Etoricoxib + Metformin,Safe,No documented high-risk interaction; follow standard medical advice.
Etoricoxib + Gliclazide,Safe,No documented high-risk interaction; follow standard medical advice.
Etoricoxib + Linagliptin,Safe,No documented high-risk interaction; follow standard medical advice.
Etoricoxib + Sitagliptin,Safe,No documented high-risk interaction; follow standard medical advice.
Etoricoxib + Bromazepam,Safe,No documented high-risk interaction; follow standard medical advice.
Etoricoxib + Diazepam,Safe,No documented high-risk interaction; follow standard medical advice.
Etoricoxib + Clonazepam,Safe,No documented high-risk interaction; follow standard medical advice.
Aspirin + Aspirin,Unsafe,Therapeutic Duplication: Both contain Aspirin. High risk of toxic overdose.
Aspirin + Clopidogrel,Unsafe,Significant increase in life-threatening internal bleeding risk.
Aspirin + Atorvastatin,Safe,No documented high-risk interaction; follow standard medical advice.
Aspirin + Rosuvastatin,Safe,No documented high-risk interaction; follow standard medical advice.
Aspirin + Omeprazole,Safe,No documented high-risk interaction; follow standard medical advice.
Aspirin + Esomeprazole,Safe,No documented high-risk interaction; follow standard medical advice.
Aspirin + Pantoprazole,Safe,No documented high-risk interaction; follow standard medical advice.
Aspirin + Antacid (Al + Mg),Caution,Antacids (Entacyd) can block the absorption of Aspirin. Space doses by 2-4 hours.
Aspirin + Aceclofenac,Unsafe,NSAID + NSAID: Extreme risk of gastrointestinal bleeding and kidney damage.
Aspirin + Naproxen,Unsafe,NSAID + NSAID: Extreme risk of gastrointestinal bleeding and kidney damage.
Aspirin + Diclofenac,Unsafe,NSAID + NSAID: Extreme risk of gastrointestinal bleeding and kidney damage.
Aspirin + Losartan Potassium,Caution,NSAIDs can reduce the effectiveness of blood pressure medications and strain kidneys.
Aspirin + Amlodipine,Caution,NSAIDs can reduce the effectiveness of blood pressure medications and strain kidneys.
Aspirin + Bisoprolol,Caution,NSAIDs can reduce the effectiveness of blood pressure medications and strain kidneys.
Aspirin + Telmisartan,Caution,NSAIDs can reduce the effectiveness of blood pressure medications and strain kidneys.
Aspirin + Metformin,Safe,No documented high-risk interaction; follow standard medical advice.
Aspirin + Gliclazide,Safe,No documented high-risk interaction; follow standard medical advice.
Aspirin + Linagliptin,Safe,No documented high-risk interaction; follow standard medical advice.
Aspirin + Sitagliptin,Safe,No documented high-risk interaction; follow standard medical advice.
Aspirin + Bromazepam,Safe,No documented high-risk interaction; follow standard medical advice.
Aspirin + Diazepam,Safe,No documented high-risk interaction; follow standard medical advice.
Aspirin + Clonazepam,Safe,No documented high-risk interaction; follow standard medical advice.
Clopidogrel + Clopidogrel,Unsafe,Therapeutic Duplication: Both contain Clopidogrel. High risk of toxic overdose.
Clopidogrel + Atorvastatin,Safe,No documented high-risk interaction; follow standard medical advice.
Clopidogrel + Rosuvastatin,Safe,No documented high-risk interaction; follow standard medical advice.
Clopidogrel + Omeprazole,Unsafe,Omeprazole reduces the effectiveness of Clopidogrel. Use Pantoprazole instead.
Clopidogrel + Esomeprazole,Unsafe,Esomeprazole reduces the effectiveness of Clopidogrel. Use Pantoprazole instead.
Clopidogrel + Pantoprazole,Safe,No documented high-risk interaction; follow standard medical advice.
Clopidogrel + Antacid (Al + Mg),Caution,Antacids (Entacyd) can block the absorption of Clopidogrel. Space doses by 2-4 hours.
Clopidogrel + Aceclofenac,Unsafe,Significant increase in life-threatening internal bleeding risk.
Clopidogrel + Naproxen,Unsafe,Significant increase in life-threatening internal bleeding risk.
Clopidogrel + Diclofenac,Unsafe,Significant increase in life-threatening internal bleeding risk.
Clopidogrel + Losartan Potassium,Safe,No documented high-risk interaction; follow standard medical advice.
Clopidogrel + Amlodipine,Safe,No documented high-risk interaction; follow standard medical advice.
Clopidogrel + Bisoprolol,Safe,No documented high-risk interaction; follow standard medical advice.
Clopidogrel + Telmisartan,Safe,No documented high-risk interaction; follow standard medical advice.
Clopidogrel + Metformin,Safe,No documented high-risk interaction; follow standard medical advice.
Clopidogrel + Gliclazide,Safe,No documented high-risk interaction; follow standard medical advice.
Clopidogrel + Linagliptin,Safe,No documented high-risk interaction; follow standard medical advice.
Clopidogrel + Sitagliptin,Safe,No documented high-risk interaction; follow standard medical advice.
Clopidogrel + Bromazepam,Safe,No documented high-risk interaction; follow standard medical advice.
Clopidogrel + Diazepam,Safe,No documented high-risk interaction; follow standard medical advice.
Clopidogrel + Clonazepam,Safe,No documented high-risk interaction; follow standard medical advice.
Atorvastatin + Atorvastatin,Unsafe,Therapeutic Duplication: Both contain Atorvastatin. High risk of toxic overdose.
Atorvastatin + Rosuvastatin,Safe,No documented high-risk interaction; follow standard medical advice.
Atorvastatin + Omeprazole,Safe,No documented high-risk interaction; follow standard medical advice.
Atorvastatin + Esomeprazole,Safe,No documented high-risk interaction; follow standard medical advice.
Atorvastatin + Pantoprazole,Safe,No documented high-risk interaction; follow standard medical advice.
Atorvastatin + Antacid (Al + Mg),Caution,Antacids (Entacyd) can block the absorption of Atorvastatin. Space doses by 2-4 hours.
Atorvastatin + Aceclofenac,Safe,No documented high-risk interaction; follow standard medical advice.
Atorvastatin + Naproxen,Safe,No documented high-risk interaction; follow standard medical advice.
Atorvastatin + Diclofenac,Safe,No documented high-risk interaction; follow standard medical advice.
Atorvastatin + Losartan Potassium,Safe,No documented high-risk interaction; follow standard medical advice.
Atorvastatin + Amlodipine,Safe/Caution,"Generally safe, but Amlodipine can slightly increase statin levels; monitor for muscle pain."
Atorvastatin + Bisoprolol,Safe,No documented high-risk interaction; follow standard medical advice.
Atorvastatin + Telmisartan,Safe,No documented high-risk interaction; follow standard medical advice.
Atorvastatin + Metformin,Safe,No documented high-risk interaction; follow standard medical advice.
Atorvastatin + Gliclazide,Safe,No documented high-risk interaction; follow standard medical advice.
Atorvastatin + Linagliptin,Safe,No documented high-risk interaction; follow standard medical advice.
Atorvastatin + Sitagliptin,Safe,No documented high-risk interaction; follow standard medical advice.
Atorvastatin + Bromazepam,Safe,No documented high-risk interaction; follow standard medical advice.
Atorvastatin + Diazepam,Safe,No documented high-risk interaction; follow standard medical advice.
Atorvastatin + Clonazepam,Safe,No documented high-risk interaction; follow standard medical advice.
Rosuvastatin + Rosuvastatin,Unsafe,Therapeutic Duplication: Both contain Rosuvastatin. High risk of toxic overdose.
Rosuvastatin + Omeprazole,Safe,No documented high-risk interaction; follow standard medical advice.
Rosuvastatin + Esomeprazole,Safe,No documented high-risk interaction; follow standard medical advice.
Rosuvastatin + Pantoprazole,Safe,No documented high-risk interaction; follow standard medical advice.
Rosuvastatin + Antacid (Al + Mg),Caution,Antacids (Entacyd) can block the absorption of Rosuvastatin. Space doses by 2-4 hours.
Rosuvastatin + Aceclofenac,Safe,No documented high-risk interaction; follow standard medical advice.
Rosuvastatin + Naproxen,Safe,No documented high-risk interaction; follow standard medical advice.
Rosuvastatin + Diclofenac,Safe,No documented high-risk interaction; follow standard medical advice.
Rosuvastatin + Losartan Potassium,Safe,No documented high-risk interaction; follow standard medical advice.
Rosuvastatin + Amlodipine,Safe/Caution,"Generally safe, but Amlodipine can slightly increase statin levels; monitor for muscle pain."
Rosuvastatin + Bisoprolol,Safe,No documented high-risk interaction; follow standard medical advice.
Rosuvastatin + Telmisartan,Safe,No documented high-risk interaction; follow standard medical advice.
Rosuvastatin + Metformin,Safe,No documented high-risk interaction; follow standard medical advice.
Rosuvastatin + Gliclazide,Safe,No documented high-risk interaction; follow standard medical advice.
Rosuvastatin + Linagliptin,Safe,No documented high-risk interaction; follow standard medical advice.
Rosuvastatin + Sitagliptin,Safe,No documented high-risk interaction; follow standard medical advice.
Rosuvastatin + Bromazepam,Safe,No documented high-risk interaction; follow standard medical advice.
Rosuvastatin + Diazepam,Safe,No documented high-risk interaction; follow standard medical advice.
Rosuvastatin + Clonazepam,Safe,No documented high-risk interaction; follow standard medical advice.
Omeprazole + Omeprazole,Unsafe,Therapeutic Duplication: Both contain Omeprazole. High risk of toxic overdose.
Omeprazole + Esomeprazole,Unsafe,PPI + PPI: No extra benefit; increased risk of kidney damage and bone fractures.
Omeprazole + Pantoprazole,Unsafe,PPI + PPI: No extra benefit; increased risk of kidney damage and bone fractures.
Omeprazole + Antacid (Al + Mg),Caution,Antacids (Entacyd) can block the absorption of Omeprazole. Space doses by 2-4 hours.
Omeprazole + Aceclofenac,Safe,No documented high-risk interaction; follow standard medical advice.
Omeprazole + Naproxen,Safe,No documented high-risk interaction; follow standard medical advice.
Omeprazole + Diclofenac,Safe,No documented high-risk interaction; follow standard medical advice.
Omeprazole + Losartan Potassium,Safe,No documented high-risk interaction; follow standard medical advice.
Omeprazole + Amlodipine,Safe,No documented high-risk interaction; follow standard medical advice.
Omeprazole + Bisoprolol,Safe,No documented high-risk interaction; follow standard medical advice.
Omeprazole + Telmisartan,Safe,No documented high-risk interaction; follow standard medical advice.
Omeprazole + Metformin,Safe,No documented high-risk interaction; follow standard medical advice.
Omeprazole + Gliclazide,Safe,No documented high-risk interaction; follow standard medical advice.
Omeprazole + Linagliptin,Safe,No documented high-risk interaction; follow standard medical advice.
Omeprazole + Sitagliptin,Safe,No documented high-risk interaction; follow standard medical advice.
Omeprazole + Bromazepam,Safe,No documented high-risk interaction; follow standard medical advice.
Omeprazole + Diazepam,Safe,No documented high-risk interaction; follow standard medical advice.
Omeprazole + Clonazepam,Safe,No documented high-risk interaction; follow standard medical advice.
Esomeprazole + Esomeprazole,Unsafe,Therapeutic Duplication: Both contain Esomeprazole. High risk of toxic overdose.
Esomeprazole + Pantoprazole,Unsafe,PPI + PPI: No extra benefit; increased risk of kidney damage and bone fractures.
Esomeprazole + Antacid (Al + Mg),Caution,Antacids (Entacyd) can block the absorption of Esomeprazole. Space doses by 2-4 hours.
Esomeprazole + Aceclofenac,Safe,No documented high-risk interaction; follow standard medical advice.
Esomeprazole + Naproxen,Safe,No documented high-risk interaction; follow standard medical advice.
Esomeprazole + Diclofenac,Safe,No documented high-risk interaction; follow standard medical advice.
Esomeprazole + Losartan Potassium,Safe,No documented high-risk interaction; follow standard medical advice.
Esomeprazole + Amlodipine,Safe,No documented high-risk interaction; follow standard medical advice.
Esomeprazole + Bisoprolol,Safe,No documented high-risk interaction; follow standard medical advice.
Esomeprazole + Telmisartan,Safe,No documented high-risk interaction; follow standard medical advice.
Esomeprazole + Metformin,Safe,No documented high-risk interaction; follow standard medical advice.
Esomeprazole + Gliclazide,Safe,No documented high-risk interaction; follow standard medical advice.
Esomeprazole + Linagliptin,Safe,No documented high-risk interaction; follow standard medical advice.
Esomeprazole + Sitagliptin,Safe,No documented high-risk interaction; follow standard medical advice.
Esomeprazole + Bromazepam,Safe,No documented high-risk interaction; follow standard medical advice.
Esomeprazole + Diazepam,Safe,No documented high-risk interaction; follow standard medical advice.
Esomeprazole + Clonazepam,Safe,No documented high-risk interaction; follow standard medical advice.
Pantoprazole + Pantoprazole,Unsafe,Therapeutic Duplication: Both contain Pantoprazole. High risk of toxic overdose.
Pantoprazole + Antacid (Al + Mg),Caution,Antacids (Entacyd) can block the absorption of Pantoprazole. Space doses by 2-4 hours.
Pantoprazole + Aceclofenac,Safe,No documented high-risk interaction; follow standard medical advice.
Pantoprazole + Naproxen,Safe,No documented high-risk interaction; follow standard medical advice.
Pantoprazole + Diclofenac,Safe,No documented high-risk interaction; follow standard medical advice.
Pantoprazole + Losartan Potassium,Safe,No documented high-risk interaction; follow standard medical advice.
Pantoprazole + Amlodipine,Safe,No documented high-risk interaction; follow standard medical advice.
Pantoprazole + Bisoprolol,Safe,No documented high-risk interaction; follow standard medical advice.
Pantoprazole + Telmisartan,Safe,No documented high-risk interaction; follow standard medical advice.
Pantoprazole + Metformin,Safe,No documented high-risk interaction; follow standard medical advice.
Pantoprazole + Gliclazide,Safe,No documented high-risk interaction; follow standard medical advice.
Pantoprazole + Linagliptin,Safe,No documented high-risk interaction; follow standard medical advice.
Pantoprazole + Sitagliptin,Safe,No documented high-risk interaction; follow standard medical advice.
Pantoprazole + Bromazepam,Safe,No documented high-risk interaction; follow standard medical advice.
Pantoprazole + Diazepam,Safe,No documented high-risk interaction; follow standard medical advice.
Pantoprazole + Clonazepam,Safe,No documented high-risk interaction; follow standard medical advice.
Antacid (Al + Mg) + Antacid (Al + Mg),Unsafe,"Therapeutic Duplication: Both contain Antacid (Al + Mg). High risk of toxic overdose (e.g., Napa + Ace)."
Antacid (Al + Mg) + Aceclofenac,Caution,Antacids (Entacyd) can block the absorption of Aceclofenac. Space doses by 2-4 hours.
Antacid (Al + Mg) + Naproxen,Caution,Antacids (Entacyd) can block the absorption of Naproxen. Space doses by 2-4 hours.
Antacid (Al + Mg) + Diclofenac,Caution,Antacids (Entacyd) can block the absorption of Diclofenac. Space doses by 2-4 hours.
Antacid (Al + Mg) + Losartan Potassium,Caution,Antacids (Entacyd) can block the absorption of Losartan Potassium. Space doses by 2-4 hours.
Antacid (Al + Mg) + Amlodipine,Caution,Antacids (Entacyd) can block the absorption of Amlodipine. Space doses by 2-4 hours.
Antacid (Al + Mg) + Bisoprolol,Caution,Antacids (Entacyd) can block the absorption of Bisoprolol. Space doses by 2-4 hours.
Antacid (Al + Mg) + Telmisartan,Caution,Antacids (Entacyd) can block the absorption of Telmisartan. Space doses by 2-4 hours.
Antacid (Al + Mg) + Metformin,Caution,Antacids (Entacyd) can block the absorption of Metformin. Space doses by 2-4 hours.
Antacid (Al + Mg) + Gliclazide,Caution,Antacids (Entacyd) can block the absorption of Gliclazide. Space doses by 2-4 hours.
Antacid (Al + Mg) + Linagliptin,Caution,Antacids (Entacyd) can block the absorption of Linagliptin. Space doses by 2-4 hours.
Antacid (Al + Mg) + Sitagliptin,Caution,Antacids (Entacyd) can block the absorption of Sitagliptin. Space doses by 2-4 hours.
Antacid (Al + Mg) + Bromazepam,Caution,Antacids (Entacyd) can block the absorption of Bromazepam. Space doses by 2-4 hours.
Antacid (Al + Mg) + Diazepam,Caution,Antacids (Entacyd) can block the absorption of Diazepam. Space doses by 2-4 hours.
Antacid (Al + Mg) + Clonazepam,Caution,Antacids (Entacyd) can block the absorption of Clonazepam. Space doses by 2-4 hours.
Aceclofenac + Aceclofenac,Unsafe,Therapeutic Duplication: Both contain Aceclofenac. High risk of toxic overdose.
Aceclofenac + Naproxen,Unsafe,NSAID + NSAID: Extreme risk of gastrointestinal bleeding and kidney damage.
Aceclofenac + Diclofenac,Unsafe,NSAID + NSAID: Extreme risk of gastrointestinal bleeding and kidney damage.
Aceclofenac + Losartan Potassium,Caution,NSAIDs can reduce the effectiveness of blood pressure medications and strain kidneys.
Aceclofenac + Amlodipine,Caution,NSAIDs can reduce the effectiveness of blood pressure medications and strain kidneys.
Aceclofenac + Bisoprolol,Caution,NSAIDs can reduce the effectiveness of blood pressure medications and strain kidneys.
Aceclofenac + Telmisartan,Caution,NSAIDs can reduce the effectiveness of blood pressure medications and strain kidneys.
Aceclofenac + Metformin,Safe,No documented high-risk interaction; follow standard medical advice.
Aceclofenac + Gliclazide,Safe,No documented high-risk interaction; follow standard medical advice.
Aceclofenac + Linagliptin,Safe,No documented high-risk interaction; follow standard medical advice.
Aceclofenac + Sitagliptin,Safe,No documented high-risk interaction; follow standard medical advice.
Aceclofenac + Bromazepam,Safe,No documented high-risk interaction; follow standard medical advice.
Aceclofenac + Diazepam,Safe,No documented high-risk interaction; follow standard medical advice.
Aceclofenac + Clonazepam,Safe,No documented high-risk interaction; follow standard medical advice.
Naproxen + Naproxen,Unsafe,Therapeutic Duplication: Both contain Naproxen. High risk of toxic overdose.
Naproxen + Diclofenac,Unsafe,NSAID + NSAID: Extreme risk of gastrointestinal bleeding and kidney damage.
Naproxen + Losartan Potassium,Caution,NSAIDs can reduce the effectiveness of blood pressure medications and strain kidneys.
Naproxen + Amlodipine,Caution,NSAIDs can reduce the effectiveness of blood pressure medications and strain kidneys.
Naproxen + Bisoprolol,Caution,NSAIDs can reduce the effectiveness of blood pressure medications and strain kidneys.
Naproxen + Telmisartan,Caution,NSAIDs can reduce the effectiveness of blood pressure medications and strain kidneys.
Naproxen + Metformin,Safe,No documented high-risk interaction; follow standard medical advice.
Naproxen + Gliclazide,Safe,No documented high-risk interaction; follow standard medical advice.
Naproxen + Linagliptin,Safe,No documented high-risk interaction; follow standard medical advice.
Naproxen + Sitagliptin,Safe,No documented high-risk interaction; follow standard medical advice.
Naproxen + Bromazepam,Safe,No documented high-risk interaction; follow standard medical advice.
Naproxen + Diazepam,Safe,No documented high-risk interaction; follow standard medical advice.
Naproxen + Clonazepam,Safe,No documented high-risk interaction; follow standard medical advice.
Diclofenac + Diclofenac,Unsafe,Therapeutic Duplication: Both contain Diclofenac. High risk of toxic overdose.
Diclofenac + Losartan Potassium,Caution,NSAIDs can reduce the effectiveness of blood pressure medications and strain kidneys.
Diclofenac + Amlodipine,Caution,NSAIDs can reduce the effectiveness of blood pressure medications and strain kidneys.
Diclofenac + Bisoprolol,Caution,NSAIDs can reduce the effectiveness of blood pressure medications and strain kidneys.
Diclofenac + Telmisartan,Caution,NSAIDs can reduce the effectiveness of blood pressure medications and strain kidneys.
Diclofenac + Metformin,Safe,No documented high-risk interaction; follow standard medical advice.
Diclofenac + Gliclazide,Safe,No documented high-risk interaction; follow standard medical advice.
Diclofenac + Linagliptin,Safe,No documented high-risk interaction; follow standard medical advice.
Diclofenac + Sitagliptin,Safe,No documented high-risk interaction; follow standard medical advice.
Diclofenac + Bromazepam,Safe,No documented high-risk interaction; follow standard medical advice.
Diclofenac + Diazepam,Safe,No documented high-risk interaction; follow standard medical advice.
Diclofenac + Clonazepam,Safe,No documented high-risk interaction; follow standard medical advice.
Losartan Potassium + Losartan Potassium,Unsafe,Therapeutic Duplication: Both contain Losartan Potassium. High risk of toxic overdose.
Losartan Potassium + Amlodipine,Safe,No documented high-risk interaction; follow standard medical advice.
Losartan Potassium + Bisoprolol,Safe,No documented high-risk interaction; follow standard medical advice.
Losartan Potassium + Telmisartan,Safe,No documented high-risk interaction; follow standard medical advice.
Losartan Potassium + Metformin,Safe,No documented high-risk interaction; follow standard medical advice.
Losartan Potassium + Gliclazide,Safe,No documented high-risk interaction; follow standard medical advice.
Losartan Potassium + Linagliptin,Safe,No documented high-risk interaction; follow standard medical advice.
Losartan Potassium + Sitagliptin,Safe,No documented high-risk interaction; follow standard medical advice.
Losartan Potassium + Bromazepam,Safe,No documented high-risk interaction; follow standard medical advice.
Losartan Potassium + Diazepam,Safe,No documented high-risk interaction; follow standard medical advice.
Losartan Potassium + Clonazepam,Safe,No documented high-risk interaction; follow standard medical advice.
Amlodipine + Amlodipine,Unsafe,Therapeutic Duplication: Both contain Amlodipine. High risk of toxic overdose.
Amlodipine + Bisoprolol,Safe,No documented high-risk interaction; follow standard medical advice.
Amlodipine + Telmisartan,Safe,No documented high-risk interaction; follow standard medical advice.
Amlodipine + Metformin,Safe,No documented high-risk interaction; follow standard medical advice.
Amlodipine + Gliclazide,Safe,No documented high-risk interaction; follow standard medical advice.
Amlodipine + Linagliptin,Safe,No documented high-risk interaction; follow standard medical advice.
Amlodipine + Sitagliptin,Safe,No documented high-risk interaction; follow standard medical advice.
Amlodipine + Bromazepam,Safe,No documented high-risk interaction; follow standard medical advice.
Amlodipine + Diazepam,Safe,No documented high-risk interaction; follow standard medical advice.
Amlodipine + Clonazepam,Safe,No documented high-risk interaction; follow standard medical advice.
Bisoprolol + Bisoprolol,Unsafe,Therapeutic Duplication: Both contain Bisoprolol. High risk of toxic overdose.
Bisoprolol + Telmisartan,Safe,No documented high-risk interaction; follow standard medical advice.
Bisoprolol + Metformin,Safe,Beta-blockers can mask symptoms of low blood sugar (hypoglycemia). Monitor levels.
Bisoprolol + Gliclazide,Safe,Beta-blockers can mask symptoms of low blood sugar (hypoglycemia). Monitor levels.
Bisoprolol + Linagliptin,Safe,No documented high-risk interaction; follow standard medical advice.
Bisoprolol + Sitagliptin,Safe,No documented high-risk interaction; follow standard medical advice.
Bisoprolol + Bromazepam,Safe,No documented high-risk interaction; follow standard medical advice.
Bisoprolol + Diazepam,Safe,No documented high-risk interaction; follow standard medical advice.
Bisoprolol + Clonazepam,Safe,No documented high-risk interaction; follow standard medical advice.
Telmisartan + Telmisartan,Unsafe,Therapeutic Duplication: Both contain Telmisartan. High risk of toxic overdose.
Telmisartan + Metformin,Safe,No documented high-risk interaction; follow standard medical advice.
Telmisartan + Gliclazide,Safe,No documented high-risk interaction; follow standard medical advice.
Telmisartan + Linagliptin,Safe,No documented high-risk interaction; follow standard medical advice.
Telmisartan + Sitagliptin,Safe,No documented high-risk interaction; follow standard medical advice.
Telmisartan + Bromazepam,Safe,No documented high-risk interaction; follow standard medical advice.
Telmisartan + Diazepam,Safe,No documented high-risk interaction; follow standard medical advice.
Telmisartan + Clonazepam,Safe,No documented high-risk interaction; follow standard medical advice.
Metformin + Metformin,Unsafe,Therapeutic Duplication: Both contain Metformin. High risk of toxic overdose.
Metformin + Gliclazide,Safe,No documented high-risk interaction; follow standard medical advice.
Metformin + Linagliptin,Safe,No documented high-risk interaction; follow standard medical advice.
Metformin + Sitagliptin,Safe,No documented high-risk interaction; follow standard medical advice.
Metformin + Bromazepam,Safe,No documented high-risk interaction; follow standard medical advice.
Metformin + Diazepam,Safe,No documented high-risk interaction; follow standard medical advice.
Metformin + Clonazepam,Safe,No documented high-risk interaction; follow standard medical advice.
Gliclazide + Gliclazide,Unsafe,Therapeutic Duplication: Both contain Gliclazide. High risk of toxic overdose.
Gliclazide + Linagliptin,Safe,No documented high-risk interaction; follow standard medical advice.
Gliclazide + Sitagliptin,Safe,No documented high-risk interaction; follow standard medical advice.
Gliclazide + Bromazepam,Safe,No documented high-risk interaction; follow standard medical advice.
Gliclazide + Diazepam,Safe,No documented high-risk interaction; follow standard medical advice.
Gliclazide + Clonazepam,Safe,No documented high-risk interaction; follow standard medical advice.
Linagliptin + Linagliptin,Unsafe,Therapeutic Duplication: Both contain Linagliptin. High risk of toxic overdose.
Linagliptin + Sitagliptin,Safe,No documented high-risk interaction; follow standard medical advice.
Linagliptin + Bromazepam,Safe,No documented high-risk interaction; follow standard medical advice.
Linagliptin + Diazepam,Safe,No documented high-risk interaction; follow standard medical advice.
Linagliptin + Clonazepam,Safe,No documented high-risk interaction; follow standard medical advice.
Sitagliptin + Sitagliptin,Unsafe,Therapeutic Duplication: Both contain Sitagliptin. High risk of toxic overdose.
Sitagliptin + Bromazepam,Safe,No documented high-risk interaction; follow standard medical advice.
Sitagliptin + Diazepam,Safe,No documented high-risk interaction; follow standard medical advice.
Sitagliptin + Clonazepam,Safe,No documented high-risk interaction; follow standard medical advice.
Bromazepam + Bromazepam,Unsafe,Therapeutic Duplication: Both contain Bromazepam. High risk of toxic overdose.
Bromazepam + Diazepam,Unsafe,"Dual Benzodiazepines: Severe risk of respiratory depression, coma, and death."
Bromazepam + Clonazepam,Unsafe,"Dual Benzodiazepines: Severe risk of respiratory depression, coma, and death."
Diazepam + Diazepam,Unsafe,Therapeutic Duplication: Both contain Diazepam. High risk of toxic overdose.
Diazepam + Clonazepam,Unsafe,"Dual Benzodiazepines: Severe risk of respiratory depression, coma, and death."
Clonazepam + Clonazepam,Unsafe,Therapeutic Duplication: Both contain Clonazepam. High risk of toxic overdose.
